{
  "year": [
    {
      "FromCurr": "USD",
      "RateType": "M",
      "ToCurr": "EUR",
      "IndirectQoute": 1,
      "DirectQoute": 2.3,
      "I_Rate_Typ": "M",
      "I_From_Curr": "USD",
      "I_To_Curr": "EUR",
      "DateFrom": "2014-1-6"
    },
    {
      "FromCurr": "USD",
      "RateType": "M",
      "ToCurr": "EUR",
      "IndirectQoute": 1.7,
      "DirectQoute": 0.9,
      "I_Rate_Typ": "M",
      "I_From_Curr": "USD",
      "I_To_Curr": "EUR",
      "DateFrom": "2014-1-23"
    },
    {
      "FromCurr": "USD",
      "RateType": "M",
      "ToCurr": "EUR",
      "IndirectQoute": 2.1,
      "DirectQoute": 2.1,
      "I_Rate_Typ": "M",
      "I_From_Curr": "USD",
      "I_To_Curr": "EUR",
      "DateFrom": "2014-2-6"
    },
    {
      "FromCurr": "USD",
      "RateType": "M",
      "ToCurr": "EUR",
      "IndirectQoute": 1.2,
      "DirectQoute": 0.9,
      "I_Rate_Typ": "M",
      "I_From_Curr": "USD",
      "I_To_Curr": "EUR",
      "DateFrom": "2014-2-23"
    },
    {
      "FromCurr": "USD",
      "RateType": "M",
      "ToCurr": "EUR",
      "IndirectQoute": 2.8,
      "DirectQoute": 0.5,
      "I_Rate_Typ": "M",
      "I_From_Curr": "USD",
      "I_To_Curr": "EUR",
      "DateFrom": "2014-3-6"
    },
    {
      "FromCurr": "USD",
      "RateType": "M",
      "ToCurr": "EUR",
      "IndirectQoute": 1.6,
      "DirectQoute": 1.4,
      "I_Rate_Typ": "M",
      "I_From_Curr": "USD",
      "I_To_Curr": "EUR",
      "DateFrom": "2014-3-23"
    },
    {
      "FromCurr": "USD",
      "RateType": "M",
      "ToCurr": "EUR",
      "IndirectQoute": 2.1,
      "DirectQoute": 1.8,
      "I_Rate_Typ": "M",
      "I_From_Curr": "USD",
      "I_To_Curr": "EUR",
      "DateFrom": "2014-4-6"
    },
    {
      "FromCurr": "USD",
      "RateType": "M",
      "ToCurr": "EUR",
      "IndirectQoute": 2,
      "DirectQoute": 2.4,
      "I_Rate_Typ": "M",
      "I_From_Curr": "USD",
      "I_To_Curr": "EUR",
      "DateFrom": "2014-4-23"
    },
    {
      "FromCurr": "USD",
      "RateType": "M",
      "ToCurr": "EUR",
      "IndirectQoute": 2.7,
      "DirectQoute": 2.2,
      "I_Rate_Typ": "M",
      "I_From_Curr": "USD",
      "I_To_Curr": "EUR",
      "DateFrom": "2014-5-6"
    },
    {
      "FromCurr": "USD",
      "RateType": "M",
      "ToCurr": "EUR",
      "IndirectQoute": 2,
      "DirectQoute": 0.5,
      "I_Rate_Typ": "M",
      "I_From_Curr": "USD",
      "I_To_Curr": "EUR",
      "DateFrom": "2014-5-23"
    },
    {
      "FromCurr": "USD",
      "RateType": "M",
      "ToCurr": "EUR",
      "IndirectQoute": 3,
      "DirectQoute": 1.8,
      "I_Rate_Typ": "M",
      "I_From_Curr": "USD",
      "I_To_Curr": "EUR",
      "DateFrom": "2014-6-6"
    },
    {
      "FromCurr": "USD",
      "RateType": "M",
      "ToCurr": "EUR",
      "IndirectQoute": 2.3,
      "DirectQoute": 1.1,
      "I_Rate_Typ": "M",
      "I_From_Curr": "USD",
      "I_To_Curr": "EUR",
      "DateFrom": "2014-6-23"
    },
    {
      "FromCurr": "USD",
      "RateType": "M",
      "ToCurr": "EUR",
      "IndirectQoute": 3,
      "DirectQoute": 2.9,
      "I_Rate_Typ": "M",
      "I_From_Curr": "USD",
      "I_To_Curr": "EUR",
      "DateFrom": "2014-7-6"
    },
    {
      "FromCurr": "USD",
      "RateType": "M",
      "ToCurr": "EUR",
      "IndirectQoute": 1.5,
      "DirectQoute": 2.7,
      "I_Rate_Typ": "M",
      "I_From_Curr": "USD",
      "I_To_Curr": "EUR",
      "DateFrom": "2014-7-23"
    },
    {
      "FromCurr": "USD",
      "RateType": "M",
      "ToCurr": "EUR",
      "IndirectQoute": 2.9,
      "DirectQoute": 2,
      "I_Rate_Typ": "M",
      "I_From_Curr": "USD",
      "I_To_Curr": "EUR",
      "DateFrom": "2014-8-6"
    },
    {
      "FromCurr": "USD",
      "RateType": "M",
      "ToCurr": "EUR",
      "IndirectQoute": 0.6,
      "DirectQoute": 2.4,
      "I_Rate_Typ": "M",
      "I_From_Curr": "USD",
      "I_To_Curr": "EUR",
      "DateFrom": "2014-8-23"
    },
    {
      "FromCurr": "USD",
      "RateType": "M",
      "ToCurr": "EUR",
      "IndirectQoute": 1.5,
      "DirectQoute": 1.2,
      "I_Rate_Typ": "M",
      "I_From_Curr": "USD",
      "I_To_Curr": "EUR",
      "DateFrom": "2014-9-6"
    }
  ],
  "month": [
    {
      "FromCurr": "USD",
      "RateType": "M",
      "ToCurr": "EUR",
      "IndirectQoute": 1.6,
      "DirectQoute": 2.6,
      "I_Rate_Typ": "M",
      "I_From_Curr": "USD",
      "I_To_Curr": "EUR",
      "DateFrom": "2014-11-1"
    },
    {
      "FromCurr": "USD",
      "RateType": "M",
      "ToCurr": "EUR",
      "IndirectQoute": 2.4,
      "DirectQoute": 1.1,
      "I_Rate_Typ": "M",
      "I_From_Curr": "USD",
      "I_To_Curr": "EUR",
      "DateFrom": "2014-11-2"
    },
    {
      "FromCurr": "USD",
      "RateType": "M",
      "ToCurr": "EUR",
      "IndirectQoute": 1.7,
      "DirectQoute": 1.3,
      "I_Rate_Typ": "M",
      "I_From_Curr": "USD",
      "I_To_Curr": "EUR",
      "DateFrom": "2014-11-3"
    },
    {
      "FromCurr": "USD",
      "RateType": "M",
      "ToCurr": "EUR",
      "IndirectQoute": 1.2,
      "DirectQoute": 2,
      "I_Rate_Typ": "M",
      "I_From_Curr": "USD",
      "I_To_Curr": "EUR",
      "DateFrom": "2014-11-4"
    },
    {
      "FromCurr": "USD",
      "RateType": "M",
      "ToCurr": "EUR",
      "IndirectQoute": 0.5,
      "DirectQoute": 0.5,
      "I_Rate_Typ": "M",
      "I_From_Curr": "USD",
      "I_To_Curr": "EUR",
      "DateFrom": "2014-11-5"
    },
    {
      "FromCurr": "USD",
      "RateType": "M",
      "ToCurr": "EUR",
      "IndirectQoute": 2.9,
      "DirectQoute": 1.4,
      "I_Rate_Typ": "M",
      "I_From_Curr": "USD",
      "I_To_Curr": "EUR",
      "DateFrom": "2014-11-6"
    },
    {
      "FromCurr": "USD",
      "RateType": "M",
      "ToCurr": "EUR",
      "IndirectQoute": 2.5,
      "DirectQoute": 1.7,
      "I_Rate_Typ": "M",
      "I_From_Curr": "USD",
      "I_To_Curr": "EUR",
      "DateFrom": "2014-11-7"
    },
    {
      "FromCurr": "USD",
      "RateType": "M",
      "ToCurr": "EUR",
      "IndirectQoute": 0.9,
      "DirectQoute": 2.2,
      "I_Rate_Typ": "M",
      "I_From_Curr": "USD",
      "I_To_Curr": "EUR",
      "DateFrom": "2014-11-8"
    },
    {
      "FromCurr": "USD",
      "RateType": "M",
      "ToCurr": "EUR",
      "IndirectQoute": 3,
      "DirectQoute": 1.5,
      "I_Rate_Typ": "M",
      "I_From_Curr": "USD",
      "I_To_Curr": "EUR",
      "DateFrom": "2014-11-9"
    },
    {
      "FromCurr": "USD",
      "RateType": "M",
      "ToCurr": "EUR",
      "IndirectQoute": 1.3,
      "DirectQoute": 1.7,
      "I_Rate_Typ": "M",
      "I_From_Curr": "USD",
      "I_To_Curr": "EUR",
      "DateFrom": "2014-11-10"
    },
    {
      "FromCurr": "USD",
      "RateType": "M",
      "ToCurr": "EUR",
      "IndirectQoute": 1.3,
      "DirectQoute": 1.6,
      "I_Rate_Typ": "M",
      "I_From_Curr": "USD",
      "I_To_Curr": "EUR",
      "DateFrom": "2014-11-11"
    },
    {
      "FromCurr": "USD",
      "RateType": "M",
      "ToCurr": "EUR",
      "IndirectQoute": 2.5,
      "DirectQoute": 2.4,
      "I_Rate_Typ": "M",
      "I_From_Curr": "USD",
      "I_To_Curr": "EUR",
      "DateFrom": "2014-11-12"
    },
    {
      "FromCurr": "USD",
      "RateType": "M",
      "ToCurr": "EUR",
      "IndirectQoute": 2.2,
      "DirectQoute": 2.8,
      "I_Rate_Typ": "M",
      "I_From_Curr": "USD",
      "I_To_Curr": "EUR",
      "DateFrom": "2014-11-13"
    },
    {
      "FromCurr": "USD",
      "RateType": "M",
      "ToCurr": "EUR",
      "IndirectQoute": 0.6,
      "DirectQoute": 2.2,
      "I_Rate_Typ": "M",
      "I_From_Curr": "USD",
      "I_To_Curr": "EUR",
      "DateFrom": "2014-11-14"
    },
    {
      "FromCurr": "USD",
      "RateType": "M",
      "ToCurr": "EUR",
      "IndirectQoute": 2.1,
      "DirectQoute": 1.4,
      "I_Rate_Typ": "M",
      "I_From_Curr": "USD",
      "I_To_Curr": "EUR",
      "DateFrom": "2014-11-15"
    },
    {
      "FromCurr": "USD",
      "RateType": "M",
      "ToCurr": "EUR",
      "IndirectQoute": 1.7,
      "DirectQoute": 3,
      "I_Rate_Typ": "M",
      "I_From_Curr": "USD",
      "I_To_Curr": "EUR",
      "DateFrom": "2014-11-16"
    },
    {
      "FromCurr": "USD",
      "RateType": "M",
      "ToCurr": "EUR",
      "IndirectQoute": 2.7,
      "DirectQoute": 2.9,
      "I_Rate_Typ": "M",
      "I_From_Curr": "USD",
      "I_To_Curr": "EUR",
      "DateFrom": "2014-11-17"
    },
    {
      "FromCurr": "USD",
      "RateType": "M",
      "ToCurr": "EUR",
      "IndirectQoute": 2.4,
      "DirectQoute": 1.7,
      "I_Rate_Typ": "M",
      "I_From_Curr": "USD",
      "I_To_Curr": "EUR",
      "DateFrom": "2014-11-18"
    },
    {
      "FromCurr": "USD",
      "RateType": "M",
      "ToCurr": "EUR",
      "IndirectQoute": 0.8,
      "DirectQoute": 3,
      "I_Rate_Typ": "M",
      "I_From_Curr": "USD",
      "I_To_Curr": "EUR",
      "DateFrom": "2014-11-19"
    },
    {
      "FromCurr": "USD",
      "RateType": "M",
      "ToCurr": "EUR",
      "IndirectQoute": 2.3,
      "DirectQoute": 1.7,
      "I_Rate_Typ": "M",
      "I_From_Curr": "USD",
      "I_To_Curr": "EUR",
      "DateFrom": "2014-11-20"
    },
    {
      "FromCurr": "USD",
      "RateType": "M",
      "ToCurr": "EUR",
      "IndirectQoute": 1.6,
      "DirectQoute": 2.6,
      "I_Rate_Typ": "M",
      "I_From_Curr": "USD",
      "I_To_Curr": "EUR",
      "DateFrom": "2014-11-21"
    },
    {
      "FromCurr": "USD",
      "RateType": "M",
      "ToCurr": "EUR",
      "IndirectQoute": 1.3,
      "DirectQoute": 1,
      "I_Rate_Typ": "M",
      "I_From_Curr": "USD",
      "I_To_Curr": "EUR",
      "DateFrom": "2014-11-22"
    },
    {
      "FromCurr": "USD",
      "RateType": "M",
      "ToCurr": "EUR",
      "IndirectQoute": 3,
      "DirectQoute": 2.3,
      "I_Rate_Typ": "M",
      "I_From_Curr": "USD",
      "I_To_Curr": "EUR",
      "DateFrom": "2014-11-23"
    },
    {
      "FromCurr": "USD",
      "RateType": "M",
      "ToCurr": "EUR",
      "IndirectQoute": 2.9,
      "DirectQoute": 1.6,
      "I_Rate_Typ": "M",
      "I_From_Curr": "USD",
      "I_To_Curr": "EUR",
      "DateFrom": "2014-11-24"
    },
    {
      "FromCurr": "USD",
      "RateType": "M",
      "ToCurr": "EUR",
      "IndirectQoute": 2.9,
      "DirectQoute": 1.4,
      "I_Rate_Typ": "M",
      "I_From_Curr": "USD",
      "I_To_Curr": "EUR",
      "DateFrom": "2014-11-25"
    },
    {
      "FromCurr": "USD",
      "RateType": "M",
      "ToCurr": "EUR",
      "IndirectQoute": 2.2,
      "DirectQoute": 1.5,
      "I_Rate_Typ": "M",
      "I_From_Curr": "USD",
      "I_To_Curr": "EUR",
      "DateFrom": "2014-11-26"
    },
    {
      "FromCurr": "USD",
      "RateType": "M",
      "ToCurr": "EUR",
      "IndirectQoute": 2.2,
      "DirectQoute": 2.2,
      "I_Rate_Typ": "M",
      "I_From_Curr": "USD",
      "I_To_Curr": "EUR",
      "DateFrom": "2014-11-27"
    },
    {
      "FromCurr": "USD",
      "RateType": "M",
      "ToCurr": "EUR",
      "IndirectQoute": 3,
      "DirectQoute": 0.9,
      "I_Rate_Typ": "M",
      "I_From_Curr": "USD",
      "I_To_Curr": "EUR",
      "DateFrom": "2014-11-28"
    },
    {
      "FromCurr": "USD",
      "RateType": "M",
      "ToCurr": "EUR",
      "IndirectQoute": 2.2,
      "DirectQoute": 2.3,
      "I_Rate_Typ": "M",
      "I_From_Curr": "USD",
      "I_To_Curr": "EUR",
      "DateFrom": "2014-11-29"
    },
    {
      "FromCurr": "USD",
      "RateType": "M",
      "ToCurr": "EUR",
      "IndirectQoute": 2.2,
      "DirectQoute": 2.5,
      "I_Rate_Typ": "M",
      "I_From_Curr": "USD",
      "I_To_Curr": "EUR",
      "DateFrom": "2014-11-30"
    }
  ],
  "week": [
    {
      "FromCurr": "USD",
      "RateType": "M",
      "ToCurr": "EUR",
      "IndirectQoute": 2.8,
      "DirectQoute": 0.7,
      "I_Rate_Typ": "M",
      "I_From_Curr": "USD",
      "I_To_Curr": "EUR",
      "DateFrom": "2014-11-9"
    },
    {
      "FromCurr": "USD",
      "RateType": "M",
      "ToCurr": "EUR",
      "IndirectQoute": 2.7,
      "DirectQoute": 2.4,
      "I_Rate_Typ": "M",
      "I_From_Curr": "USD",
      "I_To_Curr": "EUR",
      "DateFrom": "2014-11-10"
    },
    {
      "FromCurr": "USD",
      "RateType": "M",
      "ToCurr": "EUR",
      "IndirectQoute": 1.9,
      "DirectQoute": 2.8,
      "I_Rate_Typ": "M",
      "I_From_Curr": "USD",
      "I_To_Curr": "EUR",
      "DateFrom": "2014-11-11"
    },
    {
      "FromCurr": "USD",
      "RateType": "M",
      "ToCurr": "EUR",
      "IndirectQoute": 1,
      "DirectQoute": 0.8,
      "I_Rate_Typ": "M",
      "I_From_Curr": "USD",
      "I_To_Curr": "EUR",
      "DateFrom": "2014-11-12"
    },
    {
      "FromCurr": "USD",
      "RateType": "M",
      "ToCurr": "EUR",
      "IndirectQoute": 1.7,
      "DirectQoute": 2.9,
      "I_Rate_Typ": "M",
      "I_From_Curr": "USD",
      "I_To_Curr": "EUR",
      "DateFrom": "2014-11-13"
    },
    {
      "FromCurr": "USD",
      "RateType": "M",
      "ToCurr": "EUR",
      "IndirectQoute": 2.7,
      "DirectQoute": 3,
      "I_Rate_Typ": "M",
      "I_From_Curr": "USD",
      "I_To_Curr": "EUR",
      "DateFrom": "2014-11-14"
    },
    {
      "FromCurr": "USD",
      "RateType": "M",
      "ToCurr": "EUR",
      "IndirectQoute": 1.8,
      "DirectQoute": 2.7,
      "I_Rate_Typ": "M",
      "I_From_Curr": "USD",
      "I_To_Curr": "EUR",
      "DateFrom": "2014-11-15"
    }
  ]
}